mean_bill_length,mean_bill_depth,mean_flipper_length,mean_body_mass
43.99279279279279,17.164864864864864,200.96696696696696,4207.057057057057
